Estefania51, Alison.Funk71@yahoo.com, 3hZAHBh0cMdNyol
Laurel.Heathcote, Cordie_Feest3@yahoo.com, gy5SJZYHT51lWL6
Remington_Schuster, Briana_Langosh69@yahoo.com, yyCW34QyF0geeYc
Patience.Hickle, Letitia16@yahoo.com, Y2BhdqMTiN9cfIL
Danial_Ferry, Johann.Bradtke51@hotmail.com, 0dgV6VUqAPkjiOt
Rollin.Brakus60, Dorothy.Lueilwitz@gmail.com, 6NBPk9Ae7ujSAfb
Russel.Zemlak55, Kayla_Torp96@yahoo.com, DzKTqWaL1YodBQ1
Jess.Gutkowski, Hershel_Farrell9@hotmail.com, FXlThLnLVF3zTMl
Janie_Pfannerstill, Mable.Ernser@gmail.com, 1gAr54gAF3L1xnT
Willie_Hayes, Chandler73@gmail.com, VZ6ASkhOWAOoXOz
Marjolaine_Wisoky14, Otto_Nikolaus@hotmail.com, fOd62tQzLeL3MKL
Monroe.Ward51, Jed58@gmail.com, Mg7mJe1MuuH1fmH
Whitney12, Marcelo.Rogahn@gmail.com, Ic9RRKgJl8jNGCa
Alfreda75, Junior.Hermann@yahoo.com, tHwAXSfjp8YZtMe
Kayley47, Macey_Friesen@gmail.com, ukqHD7GRBz9UfU9
Guillermo.Jacobson31, Trudie7@yahoo.com, A6LuwqvRudaDU3i
Gunner.Reynolds37, Mervin0@yahoo.com, fhP5lW9nHSkLNPx
Letitia.Fay35, Alivia99@gmail.com, jIaLdDTaPkpdug5
Cordie.Hickle, Keyon_Klein@hotmail.com, HkACNfB2_fLQD8r
Loren.Nienow, Kaylee_Schultz@hotmail.com, 3baIT7kIM6rfFUm
Chadd59, Lizzie_Funk@yahoo.com, 3EkoVb0RCpD6tnD
Reece92, Monty_Lehner@gmail.com, DG12WPeNEBIOWeC
Kariane.Kreiger, Rosina.Schmeler-Stracke@yahoo.com, eVk_X7NyqCjnWjw
Nella95, Allan58@gmail.com, LBnfDBteKXhY2kC
Donnie_Reichel, Madison_Rau79@hotmail.com, HOPpmW5RMeB3jQT
Luna.Breitenberg, Jo47@hotmail.com, CrLYcrjtVNAUtdJ
Missouri_Medhurst, Nova_Vandervort9@gmail.com, EWN7q2ocMvyVEEZ
Ericka.Keebler-Schaefer35, Phyllis_Lueilwitz93@gmail.com, vFkY4RavLWtQPWD
Angelo_Lang39, Annamae.Corwin@gmail.com, cr04iT7Ji2LPyfE
Mertie74, Susan.Little@hotmail.com, JORM_jLofmHOyu7
Nora.Hudson, Anibal_Kuvalis3@hotmail.com, gadT4znrxXye6O8
Daryl.Zieme25, Akeem19@hotmail.com, 9Tr0fFXEZrciQIJ
Allene_Keebler, Dangelo_Kling10@hotmail.com, rmlgncGCgxovzNe
Skye.Williamson, Roma.Mayer92@yahoo.com, Iv3liV0gsGTuS4c
Tyler4, Haskell_Bins20@yahoo.com, I9iUitQgfb_hHlN
Lessie80, Thelma1@gmail.com, W2wX89xDLQ5zeeI
Duane.Wilkinson, Elissa_Cronin@yahoo.com, EmiBS7OW6fqndB0
Juliet_Hoppe76, Irma_Roob-Veum54@yahoo.com, FNVoezykc9s6aJ8
Mina.Schamberger87, Eldora.Pollich26@yahoo.com, 3Iy_5BDqvpA4zIX
Selena_Macejkovic35, Josiah.Friesen@gmail.com, GNuA9WCisheUBH2
David.Langosh, Alek.Dare@gmail.com, NBw65pdAs0z2Qg6
Bella.Kreiger, Clementine_Goodwin@yahoo.com, h_rC3W2GSKRAJ7U
Romaine10, Neoma17@hotmail.com, WEZ2S9aMO8neilG
Rhett.Ortiz18, Alene_Tillman@hotmail.com, S1xgw6k55mL3m0R
Milo53, Quincy_Kirlin@gmail.com, KYm95V_hcwWNILU
Norbert_Wisozk24, Wendy65@hotmail.com, 1m5xbT0mEqgpaPu
Patrick.Mante, Shaylee_Feil26@gmail.com, D_kmVIvzncLR06u
Sister.VonRueden, Esperanza_Walsh@gmail.com, SJWwVwxFCDXrPzX
Antwon55, Carley.Kassulke53@gmail.com, fffslZUve5GYzS8
Willa8, Jermaine_Bahringer@hotmail.com, 6uenK72ZO7bOF_5
Hanna47, Tillman82@yahoo.com, 5rlqLxsSGwpHhxg
Kaylah.Abernathy64, Tevin64@gmail.com, _8TvqAIB_Hq_yYC
Linnie39, Jessika.Ziemann79@yahoo.com, mt82dyZflDSY07f
Ethelyn.Sawayn, Louisa_Wiegand@yahoo.com, JgUb_rVPHncC38b
Freddy_MacGyver72, Jacinto.Hoppe69@hotmail.com, sMc9Zel6K2rUkcB
Yasmeen78, Ned_Ferry@hotmail.com, rW_Li9Ege_DFDAs
Nolan_Trantow, Lilian_Mosciski83@yahoo.com, DzFPmJU7nrtJ_QG
Vicenta25, Kassandra_Gerlach@gmail.com, hKXTP26TaF2KVM7
Donald.Kuhn47, Clyde66@gmail.com, cPgxhbfxOxeOB1D
Amaya46, Polly6@gmail.com, Aap27gD72cJxgmi
Jannie.Wisoky, Felton41@gmail.com, VydEeGb2ZRtPxQb
Mireya.Feeney, Savannah.Lowe55@gmail.com, atr2hG3wh6QSvCi
Carlie_Herzog45, Maybelle.Treutel@yahoo.com, KOK2iEgFkG1Bw1q
Trevion_Ryan7, Isabell.Rutherford@gmail.com, gr0fI9fWB7S3mPr
Bernard_Roob58, Kelton.Wilkinson20@hotmail.com, w6d7JLZ_Xeowo1c
Adrien_Schamberger, Nathanael_Ward30@yahoo.com, r57m16hthHfvGqY
Heber.Fritsch36, Emil.Morar@yahoo.com, ZzlH3PTqXNtQ9JB
Elton.Funk-Torphy, Shemar_Kautzer@hotmail.com, dYhnk9Su03go60H
Brent.Hand44, Kenneth_Schuppe8@hotmail.com, Hjm5hzNGnkHYqzF
Dandre.Borer, Colton.Aufderhar@hotmail.com, _o5l3P7JPezYp2j
Jeremie10, Monique.Hirthe98@yahoo.com, NOOJkcD16nPb6VD
Rickie.Hegmann23, Jessie.Jacobi68@hotmail.com, fOeSQ15ujFZYNTy
Noble.Walker, Emma.Olson78@hotmail.com, K5riJxRRh0w5ROv
Edd_Hartmann, Agnes60@hotmail.com, RAjH_6V7lcKexW0
Eugene_Kuhn2, Sigurd0@yahoo.com, EW8cchvZYUQ_6Ml
Alexane_Nolan, Modesta.Moen79@gmail.com, icHpU9pPQaBMtOJ
Gregory6, Bradford_Feeney@yahoo.com, SL4vF3PwV5IcKzh
Blaise_Kunze, Lesley.Nicolas93@gmail.com, 5JhtumHOuTqh0AM
Ahmad.Runolfsdottir44, Vladimir37@gmail.com, wxD781cBQ7naqWO
Vincenza32, Jayme98@yahoo.com, ntWa5LP_nDba9Rg
Hunter_McLaughlin, Miracle.Gibson@hotmail.com, M_3Vf5vjsQGhali
Joannie_Jacobs34, Kristian6@yahoo.com, e6LbNP5bhKr_Ch0
Leatha_Price22, Sydney_Romaguera@hotmail.com, 12yXhi_PUaLzkSU
Hattie3, Katarina.Kling@yahoo.com, DGk_T1cZPsSfD92
Aisha.Kris90, Jamal_Spinka1@hotmail.com, F2PP8CBrGLmgpBR
Dalton75, Hubert74@gmail.com, RvwDN9fvqNRmLZd
Zola17, Eladio_McCullough@gmail.com, Kudtxb6SoOmy7js
Vergie.Prohaska, Annabel6@yahoo.com, GaTysQsHqhCc7fT
Ashly.Connelly78, Izabella.Schoen@yahoo.com, h6dinmY5tfYAgrl
Autumn16, Nannie_Feest20@gmail.com, 2GdeIbX7V82NhwX
Gregg83, Laney.Funk51@gmail.com, VqqJi9wtLgr1Niw
Carlo66, Marcus.Stehr74@gmail.com, N2587WyVot8WiAS
Rashad34, Willard_Bins@yahoo.com, Qqx9COKyMn7eD6T
Maudie_Walker, Green57@hotmail.com, 8KVbK8uJne53fxi
Brionna.Runolfsdottir, Edna25@yahoo.com, R4dvxNgNq_Ccf6r
Leatha22, Leda.Treutel43@yahoo.com, dV86kzTQgdw_32V
Taurean.Quigley, Percy.Rau-Schmidt@hotmail.com, T1RR4kKJ5dJzMT6
Glennie2, Dwight_Pagac50@hotmail.com, KyNb9LhnDEZfyp9
Cortney84, Joesph_Farrell@yahoo.com, SWDth41mkpPfDYJ
Dorothy.Friesen, Edythe.Stracke9@gmail.com, Ny9iMv4mKLM8PA0
Treva_Muller-Muller29, Blair.Stamm50@gmail.com, M3ySh1rJXk0tods
Jared.Ernser, Allie.Oberbrunner17@gmail.com, HU3yVJjYP41BOIH
Mollie_Jacobs, Heath.Legros34@yahoo.com, r2uYozILcS3gA8k
Alek2, Jody51@hotmail.com, 1o4UHki4R4agaIi
Bulah88, Maxine.Botsford@gmail.com, dvxbvKK3phzOs8m
Jewel.Tillman, Jeremy0@gmail.com, 5bB3q3XBXlgAZWF
Luciano_Gleason, Edmund_Schmitt@yahoo.com, jo0RAS1h8uOGtIO
Camylle.Daniel45, Damian.Stark5@hotmail.com, p27FIfiXp4ibxae
Arlo_Russel, Monroe_Robel@gmail.com, lrN4S5vC32UPU3L
Carissa40, Meghan84@yahoo.com, B4KoctJS8iJeKlM
Christophe_Hane, Xander_Jacobi@gmail.com, WLUB9LrClwkztjI
Delilah.Okuneva76, Halie_Gerlach@gmail.com, 2G_AB5FL_LTFfRk
Destiney_Muller, Justen.Hyatt@hotmail.com, r5tiDwbVohtGugj
Lynn.Crist, Osborne55@yahoo.com, EXidmUFkevMxuGs
Lucile_Schamberger, Dovie66@gmail.com, Jrek12TqpyX_cD2
Kieran.OReilly, Johanna9@gmail.com, D_TafnKHrg2fvjo
Filiberto_Predovic, Teagan.Walker86@gmail.com, ArodirAL6Njsd4L
Edwina.Kiehn, Abigayle_Zulauf48@gmail.com, lA5CFbeDCI86gYL
Trenton.Collins-Ledner21, Garry.Lowe-Larkin8@yahoo.com, 5glRYIh0jiQsI0U
Paige_Kiehn93, Georgette24@gmail.com, KkhhxjHY3cYWRBk
Gladys_Leuschke-Walker, Jonathan27@hotmail.com, Xdf9CEU3Lmc0W3W
Kelley68, Telly_Graham@yahoo.com, xKXWSCAhbbA4foi
Phyllis42, Uriah_McKenzie@gmail.com, PWe18GgxjLtxW0k
Daisy_Swift57, Alexander_Durgan35@hotmail.com, Jh0roMp94g7aKR_
Zachery_Jenkins, Chelsey57@gmail.com, NlG_aAuecieEycN
Patrick49, Albertha.Batz21@hotmail.com, 2wdSY3tqwlP2KFx
Nichole_Legros, Annabel_Kuphal@hotmail.com, Gak94qG5PPOqFgN
Leora.Quigley, Andrew14@gmail.com, GR3fy1rPwOQS55J
Waino_Auer92, Jules_Von73@yahoo.com, R020O0cE78ZYYQ8
Pasquale_Schaden5, Matt82@hotmail.com, SRVul_DlMc1G9s2
Rebeka.Braun34, Norene.Lesch43@yahoo.com, sCvPISFcBo_oELA
Ahmad.Rohan, Jose11@yahoo.com, OyOtctRbBPpiny1
Cloyd70, Cordell_Daniel@gmail.com, 3EkXhibiTZJZTmP
Gene_Gibson23, Kamryn.Sauer50@hotmail.com, lqwdBGKHhgtCBp6
Filiberto_Daugherty, Gayle82@yahoo.com, QqjvEVoIGj30QGE
Sunny62, Deontae.Huel64@yahoo.com, eIe6lamar39ZWBq
Maia2, Gracie_Beahan17@hotmail.com, UKL6sycM3nSzh1F
Claud_Heaney, Pauline_Pouros62@gmail.com, eMu1bv8LILgjRhO
Lea18, Cydney15@gmail.com, of1zjHXpIWDQb4H
Marge_Zboncak, Diego41@hotmail.com, uekmJIl0BwSHLf6
Christiana17, Billy_Marvin@yahoo.com, yqCOsuRmPMwTuyV
Deondre_Morissette-Blick89, Devyn.Schowalter99@yahoo.com, 0TdY6T7jeGNntGA
Rylan81, Lowell_Hagenes92@hotmail.com, C1_IU2gqpcwUIh4
Ettie28, Anabelle_Torphy@hotmail.com, Bt7KjbYfo_vt7tV
Charity.Runolfsdottir18, Wendell81@gmail.com, ie7EE7tB5P50qd9
King.OKeefe14, Noemy4@yahoo.com, 9XelmJVkrY1jaFQ
Gerda_Bechtelar78, Robb_Von@gmail.com, zC28IJ6xQdknX6x
Kenneth13, Merl_Williamson81@yahoo.com, NpVQu5OCxCocg_p
Bette53, Dixie94@yahoo.com, nj1YafwZd8AbzKU
Christina.Green, Dennis86@yahoo.com, GLEJzUynmMcMR4P
Liam_Ward, Rosemary.Lakin@gmail.com, MVm2eKCYRY47KWk
Emmanuel19, Henderson.Leannon@gmail.com, XA7uduS1ckJwh3P
Vernon_Waters42, Jay.Robel@gmail.com, z0R8DXhEd8fDGxr
Dariana.Boyer, Ashlee_Wolf@gmail.com, QFNXf8_Z07Lyw3F
Lowell69, Foster_Mueller@gmail.com, JrMQJZBw8PeUMDU
Madilyn.Witting, Izabella98@gmail.com, rtDyQN8eEcE045u
Sven.Brekke, Esta63@hotmail.com, TBAq5MjKNkrZeMw
Israel_Green57, Noah.Hauck@gmail.com, mzH8bDP37wuSjM7
Lewis85, Freida.Bailey@hotmail.com, YWUmi_mJmbWc9Ao
Xzavier.Ondricka23, Noah_Howell@hotmail.com, ALsv_k7x5LIOfqo
Bianka_Hayes54, Emely62@gmail.com, LTuJ9SRnPzUjfO4
Jammie_Harber3, Rebeka.Ebert@hotmail.com, QxVX4eBvM4BsorL
Linda.Ledner68, Kyle12@gmail.com, GPGUl9mDc5SlZKn
Tom.Medhurst, Georgette_Schimmel2@gmail.com, 0Arfz4DYwp6ISWl
Marian.Bauch, Ola23@gmail.com, D2MoQQi2X4cWufw
Freddie.Rogahn, Alejandra83@yahoo.com, jll1hiscyFVyISd
Amiya_OKon, Kennedi_Dare12@hotmail.com, FfhZfujBD6dHMnw
Lesly.Bergstrom84, Juvenal.Satterfield@hotmail.com, mZMoh9eadIlodcL
Tess_Huels, Margret_Schaden@gmail.com, QLoFkxyZJNqqRic
Fritz.Gislason45, Edison59@yahoo.com, BhkQiiLcox3GKTA
Roscoe_McClure17, Alford_Turner44@hotmail.com, D5zXBOocdK4AcMJ
Kailee_Cruickshank, Matt4@yahoo.com, Doly_8FoFXrrpIU
Marcelle.Doyle28, Nakia_Spinka@gmail.com, dKZOOQH_SbGL0V4
Bonita_Harvey, Annamae_Schumm53@yahoo.com, xFuD2hYqY_nkzw5
Breana_Brown25, Karolann.Stoltenberg-Jerde@gmail.com, JlJFupeVjankfAd
Melisa50, Andre_Schimmel@yahoo.com, nYJ_0YfRHmw2GDl
Bridget18, Kory.Nader-Stehr@gmail.com, EzXtYEZVh7nRDHw
Vivianne24, Oswald_Ebert@yahoo.com, 8Vp_kDjN5nQtIME
Rosemary_Kiehn-Mayer50, Ivah_Sauer98@hotmail.com, Glx5n_Y4GaY5hLp
Kitty88, Maymie.Schaden@hotmail.com, doDT91a6cGL1npj
Jedediah_Kihn, Imogene.Krajcik@yahoo.com, FnouwYztw7ZUJO2
Dewitt.Gleason86, Ebba.Powlowski@yahoo.com, 5hsDsu42Bn8jGVC
Cali_Kirlin55, Trevion.Brekke@yahoo.com, gE7tsZAO0uSrjOI
Katrina_Walsh69, Elias30@hotmail.com, hZa_IL0pEwcWXtz
Alycia_Reynolds41, Lacy.Hansen@gmail.com, 7yqB6vFECSBh4As
Tina57, Robb_Hamill89@gmail.com, iyO6ZYrWImImLyT
Lempi.Ruecker, Lolita70@gmail.com, Ao1CbxtTe_ifA3W
Elyse_Weber, Aaron40@yahoo.com, z_1ispIvHH8U_qT
Maria_Kunze, Elinor.Legros55@yahoo.com, DpOYJjPm52AkHqM
Weldon.Abshire, Carolanne_Lowe96@yahoo.com, 50amsrapN6a8fWc
Edison.Senger50, Koby47@hotmail.com, 6eBilJfNqdLIKyU
Evans_Cruickshank88, Reese.Breitenberg45@hotmail.com, FgjbxXxECSIrlBp
Savannah_Schowalter9, Donato.Schuppe48@hotmail.com, lToJgF0THHbv33e
Mohammad1, Eli_Dietrich16@hotmail.com, SxYzhRlJhLZurSr
Josianne.Lueilwitz, Deanna.Jenkins@gmail.com, Gqo1b1qtUJlEhOh
Constance10, Rae37@gmail.com, 3yqADwh3G8KSvCg
Nickolas.Fritsch3, Cleve.Shanahan@gmail.com, 36vgMCcs_zCLkwK
Erick26, Randal64@yahoo.com, 0Y0588S8xLMPMzn
Cordell.Buckridge9, Kailey_Hackett@yahoo.com, cXOF3WJnHbpwTlt
Hazel_Christiansen, Thad.Greenholt48@hotmail.com, i0AFNpG2BiBy93F
Ryan78, Brionna_Zboncak15@hotmail.com, C95_iuxzGYQV9jR
Simone44, Efren_Cartwright@yahoo.com, zO0nur6hVKsNCvM
Nathanial_Quitzon, Leopold_Leannon@gmail.com, 735XYAyHr0Y4eEf
Marie.Greenholt, Javonte_Zulauf@gmail.com, H3Rf7hLt_YFbmgg
Hermina.Brakus72, Ruthie39@gmail.com, 5VjLTsR_K792V9N
Deion.Rosenbaum34, Edmond13@hotmail.com, Mzx9YcUmrPuNh76
Federico_Paucek44, Bianka.Krajcik92@hotmail.com, sJsYC6bciHn6cHy
Catherine0, Zack.Hagenes77@gmail.com, eLNC4K453sGyDwL
Devyn.Will-Schumm, Vern24@hotmail.com, heXr0ow2wWe_KGH
Myron_Koss43, Alexanne_Tillman@hotmail.com, _c5EpeRsXBK7G4Z
Kaitlin.Gorczany, Gene82@hotmail.com, 65FIWcEHrZQcwct
Nia_Konopelski48, Santino_Wunsch@hotmail.com, Jx1cp8QPrHxiMDf
Alexandrine_Vandervort60, Josue.Olson@hotmail.com, Vws0MREmM0uXRB8
Catharine.Harber84, Kenna.Anderson67@yahoo.com, 2xXE4hDQ8geECwR
Velda.Pouros69, Deshawn40@yahoo.com, AsWxsf2K2yqtQSU
Georgiana_Brekke, Maximus_Stokes3@gmail.com, 4gSWkhjirGOHqNK
Michel.Prosacco89, Anika_Morar@hotmail.com, HgJoqiHaHrTqmeN
Unique_Gusikowski48, Teagan_Shanahan@gmail.com, VWYJQaJclG9HnKg
Melba_Shields, Jennyfer98@hotmail.com, DWUKeVYO_MtRh3s
Denis55, Arianna_Borer76@hotmail.com, syumAWC8O2s8sNM
Felipa76, Magali.Zemlak75@hotmail.com, fzLRN3xDcbNnmB9
Jazmyne_Reynolds10, Donnie_Reynolds@yahoo.com, xWAV9vSV4yEwI1p
Kim_Bashirian-Dooley, Levi_Stark79@hotmail.com, r_FQvNI1IXmcQx4
Benton58, Orpha.Considine@yahoo.com, rcVwJu5UMYB0Kgr
Daniela_Wiza, Will.Schaden23@yahoo.com, wk5nEpl6URMPcfO
Creola.Bosco38, Bartholome_Effertz@yahoo.com, nwEZM2_7F4Iw5uA
Holden.Ratke42, Etha_Stracke@hotmail.com, 816IapmAAkp8j3D
Lonie.Willms, Reba76@hotmail.com, aOR7dbyPGeNgO0J
Maye32, Leonie_Marks67@hotmail.com, wkx8VjI_mqZhCUW
Destin.Farrell81, Alberta84@gmail.com, 3wiU03iIWbOCnoL
Carlo.Reilly, Alysson_Rutherford@yahoo.com, _PdtRToy7Dx1wrA
Ned.Collier, Torrance.Larkin-Jacobson@gmail.com, 4UY9hgEEUYepGe7
Belle.Legros, Frederik29@hotmail.com, 28b73e9EwutJw1X
Adelia_Durgan94, Arnold.Pagac@hotmail.com, HfE1AkUUe7TfHCO
Aurore.Wiza-VonRueden49, Harvey_Jast34@gmail.com, 4DHjRSl6nV8EBdJ
Earlene.Connelly3, Priscilla_Ledner@hotmail.com, qp_ZX2Un0V3vyNC
Olen_Schuppe, Trever.Jakubowski4@hotmail.com, icPuLMWA4nPc1za
Sarina_Bechtelar, Dana_Funk-Corwin@yahoo.com, zjrzrzsQtFVRlLi
Jimmie.Gutmann, Tod_Pouros28@hotmail.com, PJXrIs4WsEPbYiC
Marcel_Dare20, Bryce_Boyer@yahoo.com, nDNaGTm5KhxCQVx
Devyn_Schimmel, Kevon.Nikolaus47@yahoo.com, 5ai16IHRDHmRZ0l
Carmelo48, Ashtyn_DuBuque@yahoo.com, MacwdBIV921Jcbq
Eldora.Bode92, Jessica.Stiedemann-Powlowski@hotmail.com, 5CdSkz8JpyxIJFP
Wade61, Eveline.Schmitt23@hotmail.com, V1kgpd3MQhwBfSF
Giovani_Deckow, Prince26@gmail.com, ls5My1an_kdzzLi
Kadin5, Henri_Kutch@yahoo.com, REQN8hFfYVfMAwH
Darrick.Witting88, Malachi_Anderson65@gmail.com, drcbYnN3Msj2D38
Kamren2, Nigel68@gmail.com, sOBKG1DT_zo1H0b
Kira.Monahan26, Nona_Glover@gmail.com, SLyFLwOh6WKBDhj
Larue.Klein, Monty.Reilly@hotmail.com, jWubLq9I0aCu8Cx
Vicky.Breitenberg, Simone.Reynolds6@yahoo.com, 47ocaegmrMNzy4k
Mckenna9, Myah.McLaughlin93@hotmail.com, e1Xsfd55XcMj9kD
Charlotte46, Hilma.Flatley90@yahoo.com, YASMJF2N7nwGWrO
Camron.Howe, Gertrude53@yahoo.com, QLGZtGljVyPv6_T
Fern_Haag, Celestine_Doyle@hotmail.com, Xt7NzgNg9u1n2wx
Janessa_Stiedemann83, Jasen23@yahoo.com, w1TqnGGHwbDg9IV
Guy_Schultz, Christian.Ziemann@gmail.com, KaaUZXyrs4D_GAD
Jamaal64, Sadie.Kunde-Willms36@yahoo.com, 4E9yQToBOFS3PLF
Karen4, Albertha.Franecki@hotmail.com, PRXaw8YWitqTh64
Susana97, Earnestine.Quigley@gmail.com, ZJIuaw6DPn7oo9F
Wilhelm82, Rosella79@hotmail.com, H072nU0uGGu6Syg
Myles_Quitzon, Rodrick_Leffler73@gmail.com, LgcLSnQ75aWucAN
Herta.Olson44, Jesse60@yahoo.com, j_FCmGbSfmjpwXH
Rashad.Weissnat87, Keaton60@gmail.com, tTQXo8nvUcWEH_o
Mariam78, Ardith7@hotmail.com, c2W8rAnSgmicUq1
Bernard.Kiehn, Shea_Jenkins@yahoo.com, r_jHuJnAJPaBVfN
Catherine_Powlowski77, Cristal_Waelchi@gmail.com, 1XD54iALU2LzcKS
Will67, Braxton.Lind@hotmail.com, eU9Bf2UqMWsG86Z
Euna_Rippin17, Osborne60@gmail.com, IrtcqvSX7cLx74G
Misty.Blanda28, Emiliano.Hettinger@yahoo.com, Q3WFU1BSYmj4qrX
Boyd.Schultz, Bell_Hamill@gmail.com, isFmXA_JA8sNK0i
Brown_Nikolaus, Flavie_Steuber51@hotmail.com, pgdh6eI4sGjfRBO
Bart79, Carole_Ryan@yahoo.com, XkDuy0rAh69Bsdu
Eli65, Madelynn25@gmail.com, kFD1_Gc4dzkq2Gn
Tyrell.Mann, Diamond.Howell88@yahoo.com, 9ri8ftznG0o0N2F
Bertha_Kreiger, Wilson.Moore@yahoo.com, rlfD0dufmV7_78u
Violette.Haley, Maximilian.Hudson@gmail.com, NNPZX2poDso740b
Rocio65, Audreanne58@yahoo.com, gOX3XkXoeQJjfJO
Shyanne_Mueller-Keebler, Cody.Welch79@gmail.com, G5QRhtDX4micpaf
Elvis42, Elissa68@yahoo.com, e1azj4OAW0uP74R
Loraine.Collins19, Beau63@gmail.com, lr7nRrgvqacwZhI
Hillard21, Ruthie_OKon@yahoo.com, v906CLmBPDVhZI_
Justus66, Blaze_Quigley53@gmail.com, 9pOb96LQseOKZK_
Myrtle_Murray20, Carli.Sanford@yahoo.com, QnLDbM5iXRhsbcp
Dewayne.Quitzon, Francesco.White59@yahoo.com, PvAkvm_u9SjeSpG
Javon33, Domenica49@hotmail.com, LtMMB8NVXvHxhO1
Aletha_Dare97, Micah86@hotmail.com, ioKwiB4ZK0qYJ2x
Verona3, Nicola73@hotmail.com, iVo7P3f3EBbRojA
Colby21, Nyasia_Nolan30@hotmail.com, 3NO_tnUeEnEi3qd
Gabrielle_Cruickshank, Gabe.Heaney91@hotmail.com, fL0Xvqo50ZL4r9u
Jamar59, Wayne.McGlynn47@hotmail.com, 0oQ7HJda8jZZO5l
Gino_Koss, Selena30@hotmail.com, rH6LmLzFfGQco9v
Maurice95, Nicolette49@hotmail.com, w4Dlpu0mkijkpbq
Skylar_Rolfson21, Declan75@gmail.com, eDsMYonQQl0Kl7Z
Dortha_Prosacco, Mariah1@hotmail.com, MK59jAqJVKw6RL6
Davion.Casper-Jacobs, Hailie_Cremin90@hotmail.com, jqNoqB0OTMzOISA
Sarah.McCullough, Hobart.Schulist64@yahoo.com, OoZkBiQi385BXqz
Ewald41, Jordane_Waelchi@yahoo.com, Zli6NgoCa3yAN4x
Marcus62, June_West@yahoo.com, rERruoDgzY4BxHz
Dasia_Lind, Araceli.Shanahan59@yahoo.com, ZjKQnUaNT9sfz3Q
Jaylin9, Annetta.Halvorson17@yahoo.com, zxGFg9gT94W9OrY
Barry76, Cristian.Kutch@gmail.com, OVpamcNsg9vm9HI
Agnes.Kovacek, Neha_Glover@yahoo.com, ud_cdFwuIftKoLS
Khalid40, Tracy28@hotmail.com, iYcPVD5ke3bLDH2
Travon.Schaden16, Joan_Cormier67@yahoo.com, tnAkc23Rzt1B8tT
Summer_Crooks97, Audra.Schmidt@gmail.com, ZUuOfD6ULLYvPQO
Estelle54, Kristopher.Roberts@hotmail.com, 4mnRyP_xkh5PNMb
Ward.Kassulke, Sandra_Marvin@hotmail.com, pMZyT255q_ZT9bt
Eliezer45, Mario_Nicolas43@hotmail.com, spQRQu4ovH7Q1Z5
Barry54, Camden.Hand7@gmail.com, RlKBFSeUB4P1oLH
Raven45, Anthony_Schulist@hotmail.com, bC5B6wV2N64azHP
Dolores_Turner, Myah.Lindgren@hotmail.com, D7YzRAXuF_j7mmT
Hadley_Bogisich, Lilyan_Williamson@hotmail.com, jJIXUe_PF6N_wZF
Arely.Gislason47, Jaleel_Schuster5@gmail.com, BQpcapPfjTuv9K6
Jaclyn71, Dortha42@hotmail.com, eE0SMbOiwIfzWGc
Reinhold_Muller, Minnie.Gibson75@hotmail.com, zhSkQGFXFew1w70
Meggie98, Myriam13@yahoo.com, dQ4xjUPuOPcKv7X
Walker.Koelpin-Jacobi, Maxine.Strosin90@hotmail.com, b5SmJQdpv6cKMIb
Jeanne43, Seth78@gmail.com, 3pF1ka8rhgOVRx_
Sammy_Bartoletti90, Deshaun14@hotmail.com, Pr66RzMgp5OsAd7
Noel_OReilly53, Stephon35@yahoo.com, rDVfSxh_oxtYrUs
Dorthy_Haag, Niko_Lesch54@gmail.com, LkC8K4tsagL2UAH
Heath60, Garfield_Jacobi70@gmail.com, 1MR5qyHPXfvxKZZ
Woodrow20, Erick90@yahoo.com, 94_Frq8BsEaWAbP
Mervin68, Solon16@hotmail.com, 6DB05sstgkgfXJw
Hester_Moore53, Wilton.Block@gmail.com, LdT8pJ9yzhakLh3
Lavern_Pollich31, Jarod_Turner47@gmail.com, LKIQeWw7gB7WeNN
Austen_Schroeder3, Santa_Schamberger49@yahoo.com, 8O8uISpeK8ZrKfp
Lavonne_Harber, Krista70@gmail.com, GgLXDP3ShULw1CL
Camilla.Kautzer12, Evert.Skiles@hotmail.com, X3WtxriLF19PgYg
Einar.Barton, Jensen.Bernier@gmail.com, wgniaqi19rAF5pg
Joelle6, Tiana_Borer7@hotmail.com, 6m2qG0lRLi11Kkh
Finn.Simonis, Elody.Wunsch@yahoo.com, CCjGgiX0XNZcj8k
Mercedes_Rippin, Tyrell.Greenfelder78@hotmail.com, LrgIeRcDbCDJSgY
Myrtie.Wiza84, Eloy.Yost-Prosacco@hotmail.com, vYIC9KFJwy6P33n
Friedrich88, Alba31@yahoo.com, HCVI2S3WNQUKK_X
Courtney.Greenholt, Rosella_Will@gmail.com, MMwECa_b1_oJscx
Lauryn44, Celia.Koepp7@hotmail.com, 02vRw9OJ4phohsv
Nikolas13, Laurie77@gmail.com, ZwGmD5Pp76hvE1G
Ezequiel.Reinger15, Aiyana_Cummerata17@hotmail.com, Z7tTz8BDhexHClQ
Susanna38, Dejuan.Reynolds80@gmail.com, LfSH7_xHuGOV5LX
Shana_Botsford0, Sharon_Schneider@gmail.com, 8MXfA_UwrN7eCSH
Mariane41, Jeanie_Hermann@gmail.com, fJ_0mjeFMkVEnYy
Merlin.Marquardt55, Faustino.Leffler@gmail.com, yXcIrWshIKAQsfJ
Arnoldo.Conroy60, Gloria.Olson@hotmail.com, tk7J9k5q45VhIph
Geovanny78, Esther.Herzog@yahoo.com, KFDLAWMJiDfHdM3
Amani_Hagenes98, Melvina.Weimann@gmail.com, 6oZJgSwG7RI5JAd
Asa.Lemke3, Dexter85@gmail.com, DGTX5VXReSBaGcQ
Eli.Rosenbaum, Gavin_Wyman56@yahoo.com, jBSgkZUIxxo_dwV
Sabina_Prohaska83, Tre.Ruecker@gmail.com, W1qL0QkHj0THnLR
Penelope71, Sister_Rempel89@yahoo.com, k6eliaVQ01sV_XG
Reina93, Kiara_Wintheiser@yahoo.com, lKvLuA2S_lcIIpF
Tyrell44, Jovan.Aufderhar99@hotmail.com, vFw2D_e6UW9abYy
Haleigh.Cassin31, Solon_Stehr@hotmail.com, XJczKUPMvWOq0ap
Timothy.Jacobson, Damon.Ebert@gmail.com, Bs8DJoL_wu_Aw86
Norberto46, Edwardo.Koelpin69@hotmail.com, nRdbhFSDx8YrKBv
Alfonzo.Leuschke23, Shirley18@hotmail.com, sxmacmdhil2idte
Isaac45, Eldora.Becker18@hotmail.com, mSrakijFwWa3wmG
Florian23, Zion.Powlowski@yahoo.com, kYD6sfBBOQdT5Gq
Marc.Gislason81, Joany_Hayes@yahoo.com, uhjLTuT2a4EjtYe
Icie70, Rhett_Schulist92@gmail.com, P98NOxdNnvoHhog
Beryl.Vandervort17, Nash.Bruen41@hotmail.com, be5xLf1FwHTDwh1
Jordan93, Ciara_Kihn11@yahoo.com, 9dsoGjC4Zyvqos7
Elenora_Dickens-Borer54, Hipolito55@hotmail.com, t5zxCf940MIT8Ke
Flossie.Schulist, Deja.Strosin@gmail.com, HB4HUYGTsyticCp
Frances_Schoen86, Nedra_Cronin@hotmail.com, vu7nzGTh6J31oec
Roslyn.Rau, Chaz.Beahan58@hotmail.com, hmZBqJzNrtsLhUy
Denis32, Colleen49@hotmail.com, FgHWJJ0INlGV3UR
Emery_Gutkowski, Erik6@hotmail.com, K9sWQYtwXAnEXKg
Felicia72, Myrl11@gmail.com, pYtYcK3cImxSSVB
Dallin_Zulauf, Madie.Considine@gmail.com, HXQA3Ylo2gX1bg2
Peyton24, Forrest50@hotmail.com, fF_YrlX3n_2sRhP
Olin0, Bruce30@yahoo.com, BYu5qjBoY4xMSEt
Kade.Hoppe36, Providenci_Rippin64@gmail.com, 0ll1ysjtZKNjzAT
Dallin_Kertzmann, Okey_Wiza@yahoo.com, 0zgfjiDua70f9Dy
Skylar.Cronin11, Raquel_Graham@hotmail.com, H3RfqplVYzAyrPw
Hunter_Beahan, Shayna_DAmore@hotmail.com, swXlqMRBBIfDN15
Jacquelyn57, Sonny61@gmail.com, KWLqEFR0QcFKxth
Erich15, Jalyn15@hotmail.com, u3nvobd7i63QZhW
Betsy_Reilly, Eladio_Turcotte11@yahoo.com, XOPW4FezN_wuUYG
Frederic.Watsica63, Filiberto_Schaefer34@hotmail.com, ogBSmgGv4tXpFuH
Kris70, Kay81@gmail.com, KKCc0ef4P8lkTwJ
Prudence.Koepp, Pierre.Von32@hotmail.com, 1JYPE6n3cgfm7E5
Isidro_Wyman26, Rusty_Champlin79@gmail.com, _OjL5Jv4fXToYLq
Xavier22, Laurence_Quigley@gmail.com, 9LjEvngmFG9aJzW
Deon_Boyle18, Tyler_Pollich35@hotmail.com, fuczz0prVv6IG83
Lourdes_Cummings, Torrance82@yahoo.com, tLbag4jSXxu4Qvh
Victoria.Bogisich, Marlene.Beer@hotmail.com, FiA_ZTUjJeMtQkm
Madyson.Medhurst, Marlin.Boehm48@gmail.com, XR_52u4oglYLL4G
Modesta.Legros36, Dion_Lynch@yahoo.com, bcqKpzOLujDT7iB
Sophie_Becker, Herman.Prosacco@yahoo.com, r0UiIjlH6RtTSul
Candido17, Trey27@gmail.com, oZq6ZYu_f4uFr31
Maverick_Emmerich, Charles88@yahoo.com, P3pLvilsOMoHdi0
Milton_Ankunding48, Clemmie_Corkery@gmail.com, jLeZmOLrQ8ZK792
Xander56, Taylor.Yundt60@hotmail.com, I2DnGLI6LvipR9Y
Enrique29, Stephen.Yost@gmail.com, McBPnRXJM30KsWb
Mozelle3, Zachery_Schneider98@yahoo.com, udJDuIG56Eki8lv
Katlynn.Pfannerstill36, Sebastian_Bruen@gmail.com, v32y0F8DW0lB6CA
Noemy50, Mayra_Daugherty48@hotmail.com, FOfeX6UHHHxTjZi
Landen.Daniel, Sonny58@yahoo.com, BsEyCM23jErO5oh
Dakota.Marvin, Nikko_Baumbach@hotmail.com, R8BMzwNiALdRr26
Dante_Thiel97, Janelle_McGlynn@gmail.com, lG64qudmuNztaQg
Adriel.Hintz, Rylee_Rolfson80@yahoo.com, aSB3vf_G6aQb853
Margarita66, Aracely86@yahoo.com, LmLxSZpFzkxmbEr
Audie_Trantow30, Hosea24@hotmail.com, wWyI4nEn8nTopY9
Annabelle.Rolfson41, Louvenia.Nienow39@yahoo.com, bpvoQT5Te1DWeyS
Antoinette_Friesen, Madilyn.Schuppe39@hotmail.com, SwYHpQusKVqtNy6
Chaz52, Gennaro.Jacobson@gmail.com, JlYpT3cjsV8rZek
Lavon_Ward95, Wendy.Moen@gmail.com, McMB638Yl0dWlpq
Olen73, Kimberly_Flatley@gmail.com, NDLLU5JjQ8hbxr9
Giovani1, Alverta14@hotmail.com, yxjBFwzH5RgR7Ce
Vern41, Maureen32@yahoo.com, UfZSRYs_fQvWzQ8
Tomas8, Dereck.Hagenes@yahoo.com, 5Ngz3inOXoJeS69
Reece.Heathcote, Daniella85@yahoo.com, zdUm9mbK4Vb6Du5
Dedrick.Mertz, Boyd_Gutmann@gmail.com, gmS4PXpcCU3Ao6P
June76, Alessandra.Price87@gmail.com, gHkp6hPPMpOS323
Eriberto_Schaefer67, Petra94@yahoo.com, kOuUDGrs6uoOcyY
Mckenzie.Ledner, Akeem54@gmail.com, HhWkLtgG4EQy6d0
Jared26, Katarina_Fadel8@yahoo.com, zOXeyV1NViXDubo
Coty.Jakubowski75, Kiana.Gislason@gmail.com, IiZMwtgnC4UdL1b
Alan22, Lera.Cartwright@hotmail.com, DvGg4VSG6jC9tQN
Paul66, Aubree.Blanda3@gmail.com, 5fxFlqxbMVTyy1b
Horace_Heller, Adrien_Wyman18@yahoo.com, qJWap2ePKJ9cQY9
Beulah_Langosh62, Vicente.Bruen@hotmail.com, nSRyF2_H6Gh_4kU
Tyra.Lebsack63, Meta_Jast4@gmail.com, JYXqvXBhfyd5my_
Liam_Tromp, Delta84@yahoo.com, TuOkoNSVR_6WWwM
Rhett_Bauch68, Otto.Powlowski15@yahoo.com, 52RbcIyMzeAt1iC
Ova58, Myrtice.Orn@gmail.com, 0UWa0kG6MTcPSkP
Russell_Welch, Eldred.Bauch@gmail.com, fKwsE1cm56aF0Kq
Cassie34, Leopold_Hand@hotmail.com, hnaaAay_1Dr1oiN
Malcolm_Hickle91, Marina.Kshlerin@yahoo.com, 5V9Qls3yedKOHl_
Adelle82, Layla65@yahoo.com, OUOtW1K5jPK5dr6
Hollie13, Marlen_Reichert@gmail.com, CJMsrg3xfzvGzLt
Dovie.Ziemann7, Reba_Hane@yahoo.com, HBl2QJqT2Tw_eh5
Amanda_Hand95, Declan_Emard31@hotmail.com, nvFWuKb0CAMgnqL
Jameson67, Bessie.West63@gmail.com, tdovKVYDyMOInv9
Euna.Grimes39, Cooper_Kunde41@gmail.com, rjH3tLtillXateF
Donato32, Bertrand79@yahoo.com, iZVxYFH3jmQnXIq
Alejandra27, Garret43@hotmail.com, spvXVcLm85_FRUs
Maria78, Gerard_Labadie-Kilback@yahoo.com, dH5Bo9EV1e6FBbJ
Amparo.Cole, Frank59@hotmail.com, 619O16MC1fvVOGg
Jaren74, Joshuah56@hotmail.com, SUm498JgRpVMItS
Nicholaus_Gottlieb, Fae_Mertz@gmail.com, S6TjwKeJp5YiTUr
Willard.Huels0, Dianna.Becker92@gmail.com, ccCS6R0SPL0FiIE
Imogene_Murazik16, Adelbert.Lind@gmail.com, Uo5Q5p_qVIReOzD
Mike.Simonis, Phoebe48@yahoo.com, 9KX_OTtUrJ3t9AK
Reece_Dicki41, Pearlie83@yahoo.com, 5boNzJTNjkTLdos
Emmitt_Rippin39, Arnulfo_Morissette44@gmail.com, GOQVl4DYsnwc30Z
Tavares4, Carson_Fay@gmail.com, 5L70ysfuipkDt2X
Brant.Ward90, Lauretta_Considine-Medhurst@gmail.com, 9hMcPOy1og_5Xwp
Lucius.Kunde41, Paige_Maggio48@yahoo.com, xEi4D6NawFOnR0N
Kristy0, Pedro_Fadel@yahoo.com, YGdhSWBAyhC7OJ7
Antwan.Kutch, Erin70@hotmail.com, foVIMIwTCBuoVPe
Sonia_Kozey34, Ismael62@gmail.com, GZxeElVUIbZQtyU
Victoria73, Angelo.Miller@hotmail.com, LjjMZLebKh9azqq
Elenora.Renner58, Callie.Cronin21@gmail.com, NYoRW_ITWbG9onA
Rashawn.Hahn, Brady18@yahoo.com, vjqujcBjkkwpQ9L
Madilyn_Dach19, Kaylin.Cole@yahoo.com, lE8Dx1S184L6ScD
Modesta67, Cecil3@gmail.com, xjUO4QDkNToDKnE
Maverick.Orn, Heloise_Gerlach@yahoo.com, xwxdyPMoP80UuC_
Delilah_Kemmer, Asia2@hotmail.com, bw06JD7r3JOYFf_
Courtney.Veum, Helene29@yahoo.com, 2t02Rz5DAiggjrL
Jaime36, Eldridge48@gmail.com, WNI5Xna1UtMKYB5
Eino.Feest, Kamille.Schmidt77@gmail.com, Wj9pr2lsCDZPnl2
Elisha_Sawayn97, Justine_Grady22@yahoo.com, rsWsIhhFMr6D3uV
Kirstin79, Amani.Bartell66@hotmail.com, 8drO2LxqQzccX7c
Fern.Bayer87, Dorcas_Ullrich@yahoo.com, VQR0rWKPXeMGgYF
Christine.Tremblay, Jeremy.Reynolds13@yahoo.com, fka_bpCiLwlHCFE
Adelia.Ryan32, Audreanne_Terry27@gmail.com, gCl8sD7mNGJrfsN
Edmund_VonRueden63, Melyna86@hotmail.com, PErv8LGH1rqbvrS
Elroy.Crona33, Isabelle.Hirthe@hotmail.com, fZTUc0JSGiQ1r50
Geo35, Gisselle_Effertz@hotmail.com, 3TNhLOQFLiDIEEZ
Scottie.Considine73, Jarvis51@hotmail.com, UVIdsufhQLTHB0a
Coleman34, Jayme.Kessler73@gmail.com, tmzCgZdjys2cl1y
Oswaldo.Pfannerstill-Kilback, Kane_Kub87@hotmail.com, _iCDISiVQXauuGt
Zack_Sipes, Magnolia.Gleason@yahoo.com, aXe0PzujF8Sjtdc
Justen.Mills, Ocie.Kemmer@hotmail.com, RRkFUWzThpVuXCq
Dejah.Heidenreich, Boyd56@gmail.com, B4zk3pex1TFiwE0
Kaelyn94, Dariana41@yahoo.com, WiH4Qk2Ho3MUgjl
Pierre65, Clementine68@gmail.com, 7M4yNh5rDsqUb_s
William.Kessler18, Vita_Goodwin56@yahoo.com, xUVNaOyHmxdXnUD
Davon_Stiedemann2, Maudie_Ledner27@hotmail.com, HSJ4rITmjNwT_83
Keaton.Beer, Paula34@gmail.com, Br3vYElDLe3k8lm
Geraldine_Brakus22, Fritz.Hirthe50@gmail.com, 5RcbnwkN6rq83eF
Yoshiko24, Brock46@gmail.com, HTfWLD3RRLIZbDj
Julianne.Bauch-Mann67, Keanu.Macejkovic58@yahoo.com, EhIZTt8iv2vKrJ6
Bonita_Dickens, Margie.Mosciski@hotmail.com, s8IC6rfoGrV1tuC
Brenden.Orn74, Kris_Bernier@gmail.com, NXk4udfMUY5YKeb
Isom.Cremin30, Doyle.Dietrich82@hotmail.com, l6Af4cJJllDvzuX
Carey.Dicki, Carey.Purdy42@hotmail.com, XSOO4QJRktXimv7
Otto.Kihn55, Eveline.Rath@hotmail.com, SN3AFpqXJQ5NmR9
Grady8, Grady.Kuhlman@yahoo.com, z_MjqbQqXVKK5dM
Heloise_Gulgowski-Paucek16, Remington.Kassulke@hotmail.com, 4rac_U4abY1dPZe
Trinity.Jenkins54, Theodore.Dare29@hotmail.com, kry7qCsiSap29Uh
Xavier_Schneider33, Isabelle63@gmail.com, uITKvhtB6AnLLkj
Lavon_Bahringer, Izaiah26@gmail.com, DB5skE5EERIycYH
Amalia.Witting, Marilou.Mosciski@hotmail.com, qgGja5sPwLeTtw0
Oren.Kling, Cristina_Yost32@yahoo.com, iLgQT2TTNsqr0X1
Alfred57, Kaitlin.Hyatt6@hotmail.com, aLZnqzbqmo31vUq
Reba57, Blanche_Metz77@gmail.com, g1ZmXDQtyoVnG50
Muhammad.Green, Devyn_Schinner@yahoo.com, KYwpxHPp8Fgqmwd
Judah58, Kaleb.Rolfson@yahoo.com, CBqoMc4sbqeTwo_
Rickey_West11, Laney.Kilback91@gmail.com, vCRnGdQvODyezaQ
Regan_Bradtke81, Danielle25@hotmail.com, drA4Gv_oAFCsl9Y
Grant_Gorczany, Queenie_Zemlak@hotmail.com, _yhQlZUVmpJbK2J
Adonis.Schroeder96, Maci.Ryan@gmail.com, _PNPME1LIaA7TzQ
Edd5, Amani_Lynch78@yahoo.com, Q3QqK_p2WtR3Ca6
Catharine_Rowe, Jody91@hotmail.com, GMUJleZJzrmMNEn
Benton29, Constance.Flatley98@yahoo.com, olihOyL4fVSRHcJ
Eve.Quigley, Clark_Abshire52@yahoo.com, asLH4BtuLMxlWs3
Marjorie_Brakus75, Melody.OHara12@gmail.com, _ouRNd1g0awFaJJ
Myriam.Johnson, Claudia83@gmail.com, 8lDHhnjQchYoPMl
Malachi95, Name88@yahoo.com, x3bgEWx8N_reb54
Theresia54, Alessia.Barrows69@hotmail.com, WGBCb43fSabn_wZ
Mylene.Roberts34, Aracely.Sauer@hotmail.com, G62auuQYPBoo92n
Agnes.Morar16, Hattie89@yahoo.com, qeziJ1gux3p7X4q
Chanelle87, Noemi20@hotmail.com, apbarmPrlMwrmmf
Sage_Satterfield5, Lucile_Mosciski@yahoo.com, zpkDDfjHXl9EZy8
Alfred.Bruen, Daisha.Wisoky27@gmail.com, PaU5DykCSwH8aRj
Karli_Cole98, Braden_Bruen@hotmail.com, l1klzsC_akP5Oov
Dina_Bauch15, Nestor.Balistreri@gmail.com, VLV6Gv0oEKrQ_xQ
Nelda.Huel89, Micah_Vandervort1@gmail.com, NBHl_mCe9zesvuY
Felix_Lubowitz31, Kellen.Reilly85@yahoo.com, J3ZLY7CK1alE8Sv
Abigayle20, Danny_Fahey@yahoo.com, ekEneKqERaD3vEw
Brianne.Ward, Oma66@hotmail.com, 1AGMz8th4Vtic3q
Elnora.Johnson, Gregory.Beer@yahoo.com, kEfSFGKn_94Im2G
Clement_Kirlin-Casper, Ciara.Klocko@gmail.com, fm4AOdTZVYRnKgm
Jo.Romaguera, Celine39@hotmail.com, fd_jhNAIacCaXZB
Mavis.Nienow, Javonte36@hotmail.com, HwKYPBWHNt6LgWD
Genevieve.Larkin, Josiah.Zulauf94@gmail.com, o4CqtdovIjQ40S3
Kade_Yundt, Lupe2@yahoo.com, KRw72SatxGxRYGn
Kaya.Mitchell76, Barney95@hotmail.com, 3f3GvMQVYwdCEaP
Trevion26, Euna_Trantow46@hotmail.com, WWXbuU7urlbyfRm
Hillard.Daniel13, Jennyfer.Mertz@yahoo.com, E2Xva9W1C05OfvS
Kathryn0, Joyce_Franey@yahoo.com, NmIbgW_5G61aWCy
Nettie5, Amber33@hotmail.com, gY9CMI9lxQ3gYYf
Kailyn.Krajcik57, Rubye_Kautzer@hotmail.com, P7BtUir8lSlHa_I
Mitchel_Heidenreich, Bernie93@hotmail.com, QgfAPKKNiukYNqQ
Constance_Kreiger22, Stephanie.Hyatt73@hotmail.com, XZna_Rvqwv2ETou
Julianne_Kirlin, Marcelino_Wyman17@hotmail.com, s1s1PUw5r99Z_zR
Royce_Buckridge1, Catharine_Russel@yahoo.com, PcyyjnPvAYvHRx0
Cecilia7, Monte39@gmail.com, R3JvfX0gglBUL4d
Mckenzie30, Treva.Johnston@hotmail.com, 0B3DemVhgv8zpZO
Darion_Kassulke63, Kathryn.Kulas@yahoo.com, INbutuJoucf4CLi
Ransom45, Cleora88@hotmail.com, Kp4Gw5BqC9a5fma
Ransom_Considine, Gardner_Borer@gmail.com, 2OQcXc4lKBbrYTu
Onie.Haley53, Ulices.Turner@hotmail.com, pXNSwCxPflCMsgj
Jasper28, William96@gmail.com, t11gDPCFFHya0p3
Gerard_Jacobs, Lilly55@gmail.com, QE1uj1fyHLHAdNt
Marta19, Devan.Hahn16@hotmail.com, MKCHHqcF6FVdMRa
Delmer.Sporer, Marilou_Brown@hotmail.com, 8QeneXfSt12RzrY
Kurtis_Schimmel84, Billy.Leuschke@gmail.com, YX17hlZOJpi8wsE
Davion_Doyle32, Columbus.Wolf92@gmail.com, muwum1kZG5Eza3C
Bill57, Trudie86@yahoo.com, PC_cSgesc52MO6A
Braeden.Hoppe15, Wilfredo4@gmail.com, 5jDJF42QDoKqkte
Francesca.Champlin56, Tierra.Swift@gmail.com, ebZyQzty9ZPXSyD
Nola.Goldner, Abdullah39@gmail.com, tXArdzYfTfF1WcB
Newton_Hammes, Eryn_Collier58@gmail.com, 29CiEo0CCBmYUy3
Norris_Lind, Tyler.Terry@yahoo.com, bAi50vAPGD3DkHD
Margie.DuBuque, Eveline.Johnson@yahoo.com, VrcyJlgN9a_lftt
Eryn.Oberbrunner, Sterling.Stroman94@hotmail.com, _y0FAdmmk7M8daa
Savanna_Rice70, Randi.Collins@gmail.com, duwqBIHT5tB5RIk
Cary.Quigley, Jamarcus2@gmail.com, jdM7o18F9udsVOZ
Eudora_Kunze, Alda.Ritchie28@gmail.com, sg9ksIOFjVZ0_fH
Rogelio53, Marjolaine_Bartoletti-Johnson@gmail.com, rT13LTU7WwgVdcH
Gilberto37, Cary_Beahan74@hotmail.com, KXXJRKsFiwmMNfF
Dustin36, Josianne_Kuphal@gmail.com, VKBEo5WXP2wtT5J
Milo.MacGyver95, Enoch.Schneider27@yahoo.com, 3AhsH7mS1sKIR5P
Ola.Langosh, Stephany.Gusikowski@gmail.com, HjZlVI7ViQwqosX
Loy12, Michel_Renner@yahoo.com, Gj93AjyUgnEkqxS
Millie.Blanda, Orie.Graham@yahoo.com, wrAR_M6vTuflvir
Neoma.Pacocha47, Liam.Cole@gmail.com, Gdjexpvb2uqIaIk
Meredith96, Trudie.Koch11@gmail.com, _oLMvVBjLIgcEPL
Shemar_McKenzie, Modesto_Williamson@yahoo.com, R0ZYumZAlbr_qmt
Kyleigh.Feest, Abe_Bins17@gmail.com, j3cI31eO557YSyp
Tatyana91, Shany58@yahoo.com, L_5uwbRXi9hnbOa
Helene27, Kory51@hotmail.com, W6_ch9MRQZn5tOK
Pat34, Bernadette24@yahoo.com, k2jQ7YTQJc8PG65
Newell.Abshire14, Rosamond_Gutkowski69@hotmail.com, FaemOwzL8HrS02b
Macey_Waters, Mervin_OConner@yahoo.com, f76pgiOzIu7lgpJ
Laney.Beer, Walton.OHara@yahoo.com, qFPsqlp7yLu2qvX
Ned_Schumm, Hadley.Stehr14@hotmail.com, 6ikLdN9SidVA2Aj
Aiyana.Gottlieb37, Merritt_Thompson@gmail.com, Ed997CItSEGZEk8
Janelle_Bogan9, Margarett_Cummings77@hotmail.com, Qo6fPzdhzrVNfWG
Madeline.Homenick43, Chet26@gmail.com, xXZCN09tVVEsxRP
Janet1, Rodrick_Doyle20@yahoo.com, J4KVV4EJCcVE9X2
Miracle_Barrows, Samantha_Armstrong@hotmail.com, eyCWfCq7DeUxyn8
Alexandrea61, Herta59@gmail.com, 4a0x9JCelJV49gw
Colt_Schiller27, Neoma19@yahoo.com, 2HdK2rOGosCvOH9
Amiya.Wilderman77, Beau58@gmail.com, wE097NmhCGZbSm8
Darian.Hills14, Josefa6@hotmail.com, ahenx6nqUqiQ0kl
Bulah_Bednar, Austen_Goodwin@hotmail.com, tT0z1p5H7Get3k9
Dusty_Kerluke33, Halle_Roob@hotmail.com, fufwnZ0S08dTMl4
Gunner.OHara, Alexandrine.Huel3@yahoo.com, UajQ_qYWzjOgWVh
Mike93, Zella_Johns@hotmail.com, 85nrdJ6k8wA5pDq
August66, Lelah.Goodwin44@yahoo.com, 6jSOXGBMlA7Rp4h
Brielle1, Aubree24@hotmail.com, jBROs7lpU2jKyx0
Elliot_Thiel, Aida95@yahoo.com, ZzK2QMHpl5Wc5Ax
Omari18, Ronaldo_Lang@gmail.com, wnvYd1mZWuwtVi4
Judson58, Audie_Hirthe-Prohaska@hotmail.com, JgDzZuZy8TCAq0r
Ocie_Corkery53, Faustino_Huels60@yahoo.com, GE3sRtI5xeJD9Fb
Elizabeth.Wuckert28, Terry.Stiedemann@gmail.com, MTITwo8QeQz6Art
Frieda96, Robyn43@gmail.com, PM7W6qj8kLbL7wM
Ceasar.Deckow10, Tina_Herman@gmail.com, 7KEi6Mfz9GDTcZR
Roxane40, Lincoln_Hilpert@yahoo.com, GlzoUIi1htTkB51
Kyra.McKenzie, Lexus25@yahoo.com, gPez8C0KB1egCd4
Hailey_Schoen59, Izaiah86@gmail.com, LP44wMO5vs0yR_Z
Barbara.Veum69, Carolyn.Pfeffer@gmail.com, oXhWLtgYpHV1xaZ
Kraig_Wisoky, Hertha.Mueller@yahoo.com, dUerNpCch5eo8ZU
Helena.Lehner67, Perry25@hotmail.com, qAzSvDDvsEidafa
Arch_Dietrich32, Brenna.Mann@gmail.com, SXs5WlF0RIa61OC
Moshe78, Nia_Jerde65@yahoo.com, Uu0hSE1JxnNr8Wr
Ulices_Lindgren44, Oswaldo2@yahoo.com, llHBjhQnymz5Es9
Lucio.Kuphal39, Lonnie_Reynolds@gmail.com, H0KgsBHdAp1hTdd
Easton79, Max31@gmail.com, pBvHX3oE04jVnoC
Shannon_Watsica, Gonzalo_Turcotte@gmail.com, BszLB8ibMP51p5V
Melissa.Miller8, Eunice_Kuhlman9@hotmail.com, VrsjHWzfCTNZmZK
Marlee.Weissnat10, Don24@yahoo.com, Lhsm0JDeivSGIEo
Marina_Jacobi94, Mozelle.Collier48@gmail.com, khBk5cUJ4byX_Mf
Alison.Hauck76, Tony_Schuster@yahoo.com, NuAO4pMtDc5FKgF
Aracely_Wyman51, Garrison_Toy@hotmail.com, khjUbSNlzcRipUh
Heather14, Alexandro_Welch@gmail.com, IdE0APv69ZvDEr3
Hassie.Hammes, Amir_Luettgen-Ryan11@yahoo.com, 920RsSL2JT77f7p
Alivia48, Marquis89@gmail.com, _LtDhm4HySuAbHG
Rodrigo_Barrows, Owen.Braun@yahoo.com, vIw1FCNcrio2a40
Lelia44, Kaylah32@hotmail.com, BoNqALUgyzF30NH
Lily_Cassin, Makayla.Langosh89@yahoo.com, De71wyWBk2uFip1
Kaela_Torphy39, Rebecca_Wehner1@yahoo.com, oAAvs5CyTRLeBP5
Kory.Nienow, Matilde79@gmail.com, u1WMLjgiqGbp5oi
Telly.Berge52, Margaret_Mann@yahoo.com, DzFfR4JF7O9H1Qz
Flavio.Moore, Angelica_Mueller89@yahoo.com, sTyCMWUE_rqmkmM
Zachery72, Ruby_Stiedemann16@yahoo.com, PXVaTzYXdvSXjZh
Dorcas99, Henderson.Bashirian77@hotmail.com, mJ_rqaqqhvDYGxY
Nathaniel.Cummings2, Norwood.Kilback10@gmail.com, ouvddSQPs4WWdug
Hans_Goldner35, Melvina_Kozey@hotmail.com, Fdl_cNZ6hQJQnLG
Zella16, Jamie_Moore32@hotmail.com, JtfPMCYZaZAvFv0
Cleve_Monahan, Edmund37@hotmail.com, ES4PiwXfax3ztGd
Onie_Rutherford20, Frieda_Bednar15@yahoo.com, R2wXsuKR0KwKo2J
Austen_Considine, Kole.Hills97@yahoo.com, ANmIaj4f891XGwo
Jaylin98, Florian_Gutmann-Treutel@yahoo.com, Elf_wgn_3h5n8BL
Wyman.Heidenreich, Avis.Thompson@hotmail.com, gsiD6J3qPaU9cnV
Hosea67, Alverta_Hand@yahoo.com, zVbIJdh_gDeteYs
Alexys_Hills-Ankunding, Brycen52@gmail.com, Ot_DPTaguFlyzrp
Lewis74, Joseph_Blick96@yahoo.com, vAgygl1OPOzyVdG
Marlin_Reinger62, Allen_Sanford@gmail.com, SdD6KKZYrHHQrsT
Lilly.Sipes97, Vella.Wuckert@gmail.com, X6IxYQ8jh0CdoC2
Doug_Armstrong, Anthony89@gmail.com, biSAsWTql8AcRZS
Carli86, Michaela45@yahoo.com, VM5wEKr6qq8ORbA
Bridget_Powlowski11, Chloe2@hotmail.com, EDBlUf2lJjYaTgi
Dereck_Conn, Vern.DuBuque@yahoo.com, rcXBdDUqWlkESAS
Myrtle.Feest, Magdalen52@gmail.com, 3Z61384jYYCfmMT
Leta_Dickens90, Tia_Blick28@hotmail.com, 8EsRG2PzTn025ui
Bert_Terry47, Ubaldo.Mayer@yahoo.com, Tx5fxiQUPX7rHpz
Roslyn_Ferry15, Enrico.Pollich23@yahoo.com, Nn1FbMYK7v_x5lw
Kylie67, Margaretta58@hotmail.com, 5xf0_x7kMzu1Do1
Anthony.Kovacek, Art.Stiedemann5@yahoo.com, u7HCAkyadB3Wabp
Rolando_Langworth, Abagail.Schmeler12@hotmail.com, bhxrVqus5Cx2iRe
Kenyatta3, Cesar_Haag@gmail.com, nP6W0bxpwl0oolp
Pat90, Bella.Terry57@hotmail.com, 6PZh6BHJ6SPgGuU
Rosa47, Bertha.Feest@hotmail.com, _6aojCwaaWsIIBM
Lester_Sanford96, Alyce_Turner@hotmail.com, Y91gh6b6eOWvGJE
Jayne.Rolfson36, Sedrick.Conn53@yahoo.com, G7qP955AP7iMPnI
Immanuel.Lynch, Elizabeth.Leannon2@gmail.com, MK4VNahQMx019Rj
Christy_Morissette, Hermina.Mohr-Wiza@gmail.com, qjmz32lizQ3rbSp
Rosalinda.Mayer, Andreanne45@gmail.com, S6D5znC7CyINBYf
Olaf_Stanton, Carlie_Schiller@gmail.com, qwVA2A0TC3fQ0Yu
Marian_Zulauf73, Salvatore84@yahoo.com, wDVNc612Xz6hpkw
Theresa66, Madalyn.Okuneva@hotmail.com, efhmKkkkmBnU39U
Reid_Kovacek22, Marlin.Ernser13@hotmail.com, siUnhO2ah09JeAK
Howard41, Verna_Gottlieb@gmail.com, mP4yNUKpcgFbuJz
Aileen.Steuber, Yvonne85@hotmail.com, MrhHFog0x3PVwuw
Joanne43, Nyasia_Armstrong8@hotmail.com, cnnkbkIPGNpbWg9
Kieran.Simonis, Davonte_Larkin47@yahoo.com, siK1DXYS7I4SgAL
Toni.Lueilwitz12, Janiya89@gmail.com, fbgrAV3qVz9MUNx
Izaiah43, Claud79@hotmail.com, QbWclmfXcVhpC5X
Brennan_Padberg, Jarrod88@gmail.com, fljdeQvK_g0BnNW
Elias_Parisian26, Joany10@gmail.com, V1c_FY25eSjFf2w
Adela_Hermiston64, Griffin_Cassin@hotmail.com, 3AvUKEtWaGgXbmX
Cydney_Wehner, Lola_Mraz7@gmail.com, 20qwbvroQbwmRbM
Erik.Bayer, Scotty_Jacobs@yahoo.com, xPad4m8kYZjqjnI
Harvey_Cummings85, Sierra_Hodkiewicz10@gmail.com, HhtCPBrf52jwjEq
Sadye32, Sydnee_Glover@gmail.com, a9iTwVQ6FH7CMzh
Isabel49, Imelda.Botsford98@hotmail.com, QZHnOFf1BjUW6Q6
Ryleigh_Kertzmann95, Gertrude.Olson@gmail.com, S5Ox8bBsNUVLeaw
Dante.Jaskolski, Kathleen_Lowe53@hotmail.com, f2w2P2DQ7kO1_go
Courtney_Stamm90, Glenda83@gmail.com, b1FHj0L8yXXrZuY
Danielle_Marquardt50, Magdalen.McLaughlin@yahoo.com, zfduml7oFX5KGSf
Name80, Dejah31@hotmail.com, jT8vknbNhhEwwFS
Taurean31, Jessyca.Goyette71@yahoo.com, hlLMaRg6tyH6MeK
Ruben.Walter27, Carroll.Kshlerin85@hotmail.com, jlnJEJbDPlEFjif
Vincenza2, Kasandra.Ullrich55@yahoo.com, 2rm4k1kBp_otWbs
Leslie.Wuckert73, Garrick_Beer@hotmail.com, Nji_4C1uVXf8bJY
Mollie_Conn, Maiya_DAmore14@hotmail.com, hAe31lfeW_Y_2YY
Rahul_Kerluke, Jacklyn97@yahoo.com, xC__6jcwVy_4j11
Meagan.Kuhlman4, Sydnee_Rodriguez@hotmail.com, F53eColtMcorqEZ
Alden92, Janick56@hotmail.com, 8rgJFGPMPfZLEr2
Haylie84, Mafalda.Crist@yahoo.com, w62ddzQiMZfcgXp
Keegan98, Brain63@hotmail.com, fybluHSghEFnGhg
Mya_Schultz, Keaton42@gmail.com, _AuCCLlCVP32Vm4
Ransom_Rohan29, Samara67@yahoo.com, AhdQK7Hfyc7eK3L
Sonny.Carroll, Paula_Hirthe49@gmail.com, Nr6NnSbmmaV181m
Evans.Cruickshank, Mia46@hotmail.com, bEH82e6hfsWfvcq
Josiane.Kling12, Rudolph_Bogisich20@yahoo.com, vCKn5msswKS8BLk
Hassie75, Rebekah_Nicolas@yahoo.com, kSLdV2YqFiieGqK
Mohamed_Kautzer, Savion.Luettgen@gmail.com, 8i2RoduECnXfq0U
Princess4, Aurore.Fisher7@yahoo.com, XnkAXGZL8sw_i_G
Malachi67, Andres_Walter54@yahoo.com, hnvzRWz6wHHRMU6
Kolby_Lemke27, Maiya95@hotmail.com, axCxEjN0yjfWucK
Mabel_Thiel60, Courtney.Weber@gmail.com, M63ye9H6Mr94J4F
Santino_Schuster, Janae.Stehr@yahoo.com, j4TpbkvztipHF79
Phyllis_Kunze, Hattie_Ruecker55@gmail.com, 2Fp8DQ3eDtE8qE3
Oral.Haley, Travon.Dibbert@yahoo.com, XN61rV8rmOum69h
Anthony.Terry62, Damon.Denesik73@gmail.com, H9c2sJZLDn1O550
Newton_Bailey7, Dortha_Blick95@gmail.com, dyIvqaoDIVdm1sL
Nicolette.Frami, Raoul.Miller@yahoo.com, HWfqWpJ7ksOxL17
Josianne.Yundt, Hannah78@gmail.com, mYf_re1QX0YUSrI
Jaclyn_Gibson33, Katelynn.Jaskolski@hotmail.com, p_WQcBlhnF3IoxP
Gardner23, Greyson_Rowe@hotmail.com, uBFttTGyIfsuPhM
Frederick_Shields2, Eriberto77@gmail.com, 0ELbi40zgKKHBMQ
Michael86, Juana.Champlin37@gmail.com, qq9yQ4UJjnyHe5h
Rusty94, Citlalli.Moen@hotmail.com, 1nHR_eFe1dLxS3h
Ernestine25, Odie_Denesik@gmail.com, lstaHwuEv1ug_wQ
Gino31, Dorian_Daniel@yahoo.com, eOv8upFJfAHuPjf
Adriel.Mraz, Dagmar97@yahoo.com, 5opW3emsLfBTuaj
Ward.Hettinger, Otilia.Gorczany@gmail.com, 1FGLk58WZa1V1d_
Leola.Christiansen, Summer43@hotmail.com, OzCPtbO85XggGfy
Mable_Willms, Gerry41@gmail.com, _fWbWTiMTu3vH7J
Odie41, Bonita.Lowe43@hotmail.com, la0ueAf3lwjxXii
Daisha98, Jerel47@hotmail.com, rcKp_WCDLrcr59Q
Kallie13, Ena12@hotmail.com, hIxjd_tDSm3FmM3
Sandrine.Schinner-Reinger, Prudence.Medhurst83@yahoo.com, w0mJb9r8s9PCkpU
Silas.Kiehn, Granville82@gmail.com, ENsB9HKYWGrHvS_
Gisselle71, Angela.Emard@hotmail.com, dnFFNRh47n04jqj
Florencio.Kiehn, Bettie.Dickens@gmail.com, 2PS5gf5STwilnKi
Domenica.Beier72, Piper.Ferry@yahoo.com, 1ek2g2qRXigx9WV
Evalyn_Fadel30, Chris.Carroll-Lehner@yahoo.com, OjzkTfVcOQAE9QC
Name.Monahan78, Cleta46@hotmail.com, WECs08ysEEU5sc_
Adalberto42, Adelia.Haag32@yahoo.com, HWUnr2lFJ4R6HRf
Clint8, Shayne_OConner@gmail.com, _jWFx6dTolLXh7a
Geoffrey_Bernhard91, Jesse27@hotmail.com, DFa1_4cFOW4fqhV
Jamie.Cruickshank, Jamil.Willms@gmail.com, Ww8kgSfKmOqHwWe
Christelle.Hudson, Nakia68@yahoo.com, KsvyAqk34Vm7FZg
Jarrett51, Daphney_Turcotte@gmail.com, mnUC_X4WxGFqt_7
Yadira_Considine, Rogers.Deckow@yahoo.com, 5fCxYXHmvNzOdLG
Victoria48, Chaya98@yahoo.com, IQRnHH_cA3uXp40
Buster.Zboncak-Heaney93, Enola_Wuckert8@hotmail.com, cY4nGoK7YrJLbdo
Shanel89, Duncan_Legros@yahoo.com, 1iX5lrP0nqMshVP
Ashly.Greenholt38, Jarred.Leannon@yahoo.com, mNZeSbDHAsqX_wH
Vivianne42, Gregorio_Romaguera47@yahoo.com, rY2btIXDuyErlGg
Rachael.Luettgen, Pearl_Lindgren82@hotmail.com, 9EoSnsuJf0Dwo70
Jaunita.Lindgren16, Ted.Bogan@gmail.com, 6u7nNsuFoxvelwL
Annabel_Ryan12, Baron80@hotmail.com, 0fyRr0M1b_xv3T7
Nickolas_Carroll61, Rafaela75@yahoo.com, BsWKSnW8F1qE9v4
Abbey.Roob55, River.Lubowitz2@gmail.com, Jgvqdu6ek4CC4On
Daniela98, Leila.Quitzon@hotmail.com, q1ldsM6BY2hJH5k
Russel.Lebsack86, Darion.Lueilwitz-Green91@gmail.com, b8youqUfRTQisvu
Gayle_Hammes, Juliet.Gulgowski@hotmail.com, BhEDLsbPKoVyCAh
Jonas_Braun, Ronaldo21@hotmail.com, xmBtuA5CkMAMzdb
Sabina.Runolfsson, Garnett.Rau@hotmail.com, yARyIr3vrIiXZ_e
Gilda.Schuster, Ciara21@gmail.com, 2njr76EeapFzXGd
Felix_Sauer, Federico33@gmail.com, aphKrXyCU1bpCfj
Maggie.Luettgen, Kamille.Lebsack6@hotmail.com, oaMK8BVKeD00ct_
Willie30, Lavina.Rippin61@gmail.com, QsP9INg8KefmOQs
Mossie.Mertz, Simone_Klein18@hotmail.com, PxXFUIsFYyI_gsK
Betty.Padberg, Geraldine.Kiehn@hotmail.com, TOrjjUGokF6BOKq
Jovanny_Heaney69, Kennedi_Kilback@hotmail.com, JRz3pjqwLt3_SgP
Lia.Barton43, Nova67@gmail.com, qwheOJFmIj7eSks
Jaron_Keeling51, Marquis.Batz2@yahoo.com, zYF2ZTqrPYDKjNA
Hailie.Cruickshank65, Caleb.Kub99@yahoo.com, nDIogXTZUOxxlD4
Theresia35, Dillan.Connelly0@gmail.com, fVS9wyK1gfURlZy
Lauren.Brown3, Ambrose_Toy@hotmail.com, McHaoimTCSK6hBD
Freida90, Rey.Gusikowski56@gmail.com, fmVXFyn9IMgNZXe
Yesenia96, Herman_Cassin94@hotmail.com, zSVaQbhEp5rrB3E
Mozelle_MacGyver56, Ron_Hermiston@gmail.com, AaWWAm6rf7Q7b7v
Dawn40, Alvah.McDermott70@hotmail.com, vrO3JRqdbP5uG0W
Valentine_Purdy, Hayden81@hotmail.com, od93z3ihF5n9eD8
Ila37, Nannie52@yahoo.com, IeF9t4WiFxlQuDo
Helene94, Lavinia.Orn36@gmail.com, fvEyCVDmZ2m9tyD
Yasmeen24, Kiana_Brakus81@gmail.com, eHRj2B49I4C4fS6
Vilma.Lang89, Loraine_McCullough@hotmail.com, sIBEoiptk3OFndD
Mary.Dooley, Jovanny_Littel@yahoo.com, 4hx4_Uin3yxfnlZ
Xavier_Orn, Eliezer_Batz47@hotmail.com, HCOi5K1AGdSdG0g
Kayleigh25, Corbin_Cassin52@hotmail.com, q6JYVaepFRDMPwj
Josh.Glover23, Felicia_Hodkiewicz@hotmail.com, IqjTYws_OsmWopO
Raquel_Marvin22, Candida.Leffler78@gmail.com, Q9A15Rn0eqjaRbO
Garrison_Schuppe, Imelda_Cole1@gmail.com, MyuGJ62mitHLMee
Henderson_Collins0, Alayna.Kuhn15@gmail.com, jSuBpa9ZHI65Qrq
Jacey_Deckow25, Jerod79@hotmail.com, pNqZobgmpcdpkr7
Loyce99, Crawford_McKenzie54@hotmail.com, UH8GRJXLRHz8E3o
Ken43, Crystal_Legros@hotmail.com, Bh0WlELY7idGssO
Daphney18, Asia73@hotmail.com, jR8Fr8bEjG4hh3Y
Vicky83, Kendra.Schuster@gmail.com, J0WwHnoEBhOanXg
Ally.Ledner40, Lysanne4@hotmail.com, n_FhIznQYBAQdzg
Marcus.McGlynn98, Noble.Haley29@hotmail.com, 70tSu_qyAZ75QGB
Lenny95, Arturo_Fisher-Wiza@gmail.com, PaylbScRG5ascHm
Katlynn77, Lily.Flatley@gmail.com, QIUu1GTsrPjDdVc
Eino2, Aliza_Collier@yahoo.com, JBGLvLQqkSXGc6X
Terrill.Howell, Muriel.Halvorson18@gmail.com, TWkfQj1RFEWUckw
Jasen30, Prudence.Hoeger@hotmail.com, 2ro4UL9rio4NRBU
Itzel56, Juana.Hettinger9@yahoo.com, G2PFLf_yitV8sxj
Allene.Gottlieb4, Lee.Stoltenberg70@yahoo.com, rDX3hkQsc6F3yCS
Kariane89, Estefania7@yahoo.com, OL9UOD3f3xfy0Ra
Vada22, Linda_Lemke67@yahoo.com, mjA2XpdaoSfSkTU
Shanie.Frami, Rebeca.Turcotte42@hotmail.com, 2ggQV3K6OFDGRau
Mustafa72, Mittie_Schmitt@yahoo.com, xCnrD3cZZA9K7Tz
Vivianne86, Nettie.Feeney@gmail.com, yeZLDlJ9zSmntPy
Merle14, Shane62@gmail.com, 0hV2dC_F9WK7cZz
Kathlyn_Kemmer, Susanna.Grady@yahoo.com, 5zdl88XTfLUTIE1
Stewart_Hintz32, Ashleigh_Marvin22@gmail.com, 8rdSAPJ1ymnK0Mp
Jarrod.Kulas, Bobby.Berge@yahoo.com, GHqvsRJkL9vDRz_
Eduardo.Wyman17, Jazmin.Douglas@gmail.com, H2Vah8BymwERcYC
Thad_Fritsch22, Enoch24@gmail.com, WQiJ8tW81wSEktT
Cleveland81, Ally_Kohler38@yahoo.com, RBjat0KOQXHe0zN
Mckayla.Will5, Chandler.Hansen@yahoo.com, IiRKUZ2RkAj_6JS
Bernadette.Bartoletti, Gretchen98@hotmail.com, r1R87sG27evCh2Y
Kristian45, Zelda.Bode@yahoo.com, ViTqVox94dclZbp
Emmalee_Kshlerin4, Hazle_Ankunding@yahoo.com, Z04Z_lNnMhP1MyL
Maye20, Greta3@gmail.com, y27ddVttpo93Chv
Hallie.Koepp39, General70@yahoo.com, NwewNEkmFf_aE31
Westley.Crona14, Izabella.Schowalter@yahoo.com, P_KKvMlfAnFk1f8
Connor_Haley, Jalen_Dibbert@gmail.com, Uxhl83LDmdmRyf7
Gillian.Herman-Ward, Aglae.Wuckert9@yahoo.com, QVLmtVtxJXTjFAU
Jaren_Terry, Camila.Emmerich84@hotmail.com, i_jaUWllqy2CQjP
Oceane11, Libbie_Leannon@hotmail.com, jY2juV0bnh6OMh7
Jacklyn.Bashirian32, Bernadine_Jaskolski35@gmail.com, ulCNsB5NnKlWLOh
Peter16, Maryjane.Dooley83@hotmail.com, 6DM7G27ZVHYaSCm
Aileen.Fritsch55, Noemy_Bode96@gmail.com, 8vlXxPQbVOc95EI
Omer.Raynor76, Christa_Ryan23@gmail.com, tROvr9XWHTQmEbf
Marques_Schaden7, Millie_Metz32@gmail.com, 2ulCNNuUuBPPSG9
Thea.Borer, Manuela57@yahoo.com, 2PCgwgGWZDejGcn
Buford99, Haskell67@yahoo.com, IqTXZ72E8WN62bc
Janice.Casper49, Kristoffer_Rice@yahoo.com, 5VF9StUx1FS9BZ1
Deshawn.Batz83, Lourdes.Wilderman-Baumbach@hotmail.com, 11nyMf2hzLt0FYq
Libby.Lang82, Winifred1@yahoo.com, otS2QeJvda4RNW9
Eugenia.Wilkinson, Sidney_Dach55@hotmail.com, wwY20aKNHwzlvMd
Mireille18, Rhea.Kunde@hotmail.com, tTq3BxHrgBtSUTi
Justine.Shanahan66, Yasmine63@yahoo.com, c4dj_p6xV6R_LJq
Drake_Kassulke, Mallory56@yahoo.com, Zlh0paOZFNfIkCs
Hallie.Donnelly82, Annetta_Ryan65@gmail.com, xdS20RFZNdaZkFX
Marco_Gerhold71, Otho2@gmail.com, cNF4nJ1KwzVY0xN
Adriana21, Jett_Pfeffer@gmail.com, WMamax7eckAooDq
Jaylon3, Emil_Lueilwitz@hotmail.com, IMcrPbeom7yKgIM
Megane18, Kaylin_Rau35@gmail.com, tz44hWx3kPJwSjy
Loren.Wyman17, Chyna_Rau97@hotmail.com, Ofl6DCuL6L_05FH
Angelo96, Lawson_Hilll@yahoo.com, fK7rSAW6BCz1s15
Leanna3, Jeanette3@hotmail.com, _n2Wb1G1bqrWBdp
Camylle67, Alfredo1@yahoo.com, SekBwitx9BUUN5Q
April_Wehner, Vicky.Trantow-Toy19@gmail.com, DDIAfaj6W1o3Vpt
April_Hayes, Karelle_Auer@yahoo.com, xplPRUOV2wJedue
Monte.Tillman, Ed86@gmail.com, HrG0tKXbQiKePSO
Alana58, Kenyatta68@gmail.com, 3YF627zqt2cQ402
Nestor_Hintz14, Zackary.Fadel55@hotmail.com, FwClBugwHNIPG8q
Taurean23, Ike_Kozey@yahoo.com, nuHI08AAByGvLbA
Burdette.Rogahn70, Amara.Rempel81@yahoo.com, 8LFElGGt6vCi7Ar
Freddie_Nikolaus42, Joanie_Koelpin@hotmail.com, AUjFMWx0_Ktgjss
Joannie.Fritsch65, Vince93@gmail.com, G3XbOR7IO8fJITE
Dax_Rempel78, Kristian_Ankunding@gmail.com, i6yCaHcRjwsvjfr
Enoch.Kilback, Margarete.Pagac13@yahoo.com, 2M_fEmQ1iqX2Gpo
Emanuel83, Godfrey.Tromp70@hotmail.com, 9fXlCc6vcnqOuIp
Jonathon.Kertzmann, Scotty97@yahoo.com, XIa9KaBmvCOm5y6
Marcella.Kulas51, Branson47@yahoo.com, IYZfkcqdDxkbqFR
Giovanny.Ebert, Lera.Schinner18@hotmail.com, zUBhCid5j8BoJgD
Will.Legros94, Emelia.Corwin@yahoo.com, ma0A9VbYCSGM4oI
Vladimir_Casper40, Kelly28@gmail.com, dg8kL9xR4Kj3BtS
Stanton_OReilly73, Lucio.Crooks91@hotmail.com, 04_PtnVcvsx7cNo
Trever46, Laurie_Herman48@gmail.com, M7wsKfbqCgxoZnL
Raheem.Ruecker5, Roel_Mante11@yahoo.com, slDsuZPsdg4gxky
Alison52, Earline_Murray85@hotmail.com, hDX1b1RscZYaGG3
Friedrich_Dare40, Michael.Nitzsche@gmail.com, FSn1cwOLvGZ5iMQ
Rosalind19, Orville.Hamill4@yahoo.com, 2Toiw5kYgx_jnV1
Randall.Walsh83, Ernie.Rogahn@hotmail.com, ix8GbOhskddxqu5
Edgar70, William_Spencer47@yahoo.com, FNdcRY7ImkgaDq6
Jeramy.Blick, Cory_Buckridge@gmail.com, 5fbBwlmuM2INsB6
Devante46, Nova_Barrows@gmail.com, PnoVlizWOcEo88g
Malcolm_Vandervort18, Crawford_Walter44@gmail.com, uAvoPWDpDPCQgam
Ezra.Kilback47, Kiana.Feil69@gmail.com, 8OzF_vGbGBoQ7RZ
Fatima_Harber, Susana_Nikolaus@yahoo.com, b74UJ80ggPQn5g0
Alysha75, Jarred_Gleichner@hotmail.com, ZWTB5GrtP6eUopJ
Nellie.Ferry, Sylvia73@hotmail.com, qX_XODpBAb4oLrQ
Moshe.Rice71, Alec3@yahoo.com, xgXjM8Wh9GeTDU6
Mac_Kuhic5, Chaim36@gmail.com, Aj3To9i9JILBJPy
Charley75, Felipe98@hotmail.com, M5HwT5qXMmbh9zH
Gerson95, Lula.Spencer9@gmail.com, 5PqQAK4XhsB_s_g
Brannon_Cassin, Amara.Dickinson@gmail.com, u5eekG4FuWYhILw
Harrison57, Theodore_Luettgen@gmail.com, EhgsgmlDEtDALDd
Alia.Bartoletti46, Kayli_Stehr24@hotmail.com, t_Ww8IhzUoCc3nr
Camila_Macejkovic7, Geovany.Ryan60@gmail.com, GaqyMREf54Ay2sL
Lavonne_Daniel86, Emelie.Gutmann5@hotmail.com, vWVhmuOZOZzFuAE
Delphine66, Lois.Tremblay63@yahoo.com, WEI0MwQo11GQyWb
Loyce_Mertz91, Parker_Kuvalis67@hotmail.com, 17Z9YirpnykBpJA
Emerald.Roberts, Isac95@hotmail.com, kxAN67mSRqsyLfi
Marlee_Kovacek, Axel_Lakin36@yahoo.com, KNmEcFw_7S1g3Gp
Vita.Swaniawski, Leopoldo50@yahoo.com, IbOd2WAD0WTSL1R
Krystal.Marvin, Alexis55@gmail.com, ykXWmSydpH_MDvH
Lessie.McDermott, Nickolas.Wyman31@hotmail.com, JzBh1TCX8OdFIG5
Gracie.Walsh99, Keaton_Spencer@yahoo.com, WbNdla8zVJueUWv
Lea.Corkery-Williamson12, Larissa.Hegmann@yahoo.com, RPUjIbPg1hmNEy9
Christina_Jacobi, Zachary.Weber@gmail.com, 76uO0VWu8jTGwLv
Lelia_Emard, Delia98@hotmail.com, VDNFrtvzphf0hNj
Mylene28, Adolf.Renner4@hotmail.com, ysQ5nW8beeYIxea
Lina10, Megane_Bartoletti89@hotmail.com, f1bWqIR56S8Nonz
Leilani.Huel15, Denis.Hessel@hotmail.com, EWZnrio6h3KLmEr
Betsy_Halvorson-Hegmann, Dorcas.Kertzmann81@hotmail.com, uuM4YSzzwJVVCxT
Winston_Klein11, Dixie.Mitchell4@yahoo.com, kDoYCnC3gqX0Xuc
Preston91, Florine51@yahoo.com, _UfbkU7kEf2CoH8
Destinee.Hirthe1, Janessa.Wuckert@yahoo.com, gOc8IJtPID2IryQ
Florence_OHara65, Geoffrey_Herzog-Stehr@yahoo.com, 5ksebcu5OR4bdyO
Jannie.Larson, Ryann_Runolfsson@hotmail.com, RzhGg4Uyv2Q4_vL
Dejah_Kautzer86, Gunnar.Douglas38@hotmail.com, G4elRDMZBXLQqNx
Marie55, Brielle.Crona0@gmail.com, qzfyOuCEoBVJSPm
Asha38, Lee_Cronin@hotmail.com, 4Ih8k6oE7GnxLG3
Berenice.Ferry, Jaydon62@gmail.com, 1KEN8_QN6kN7ej0
Willis18, Golda29@yahoo.com, NIQF6DDvnUltFOT
Donavon.Pollich53, Richie29@hotmail.com, oOgVqBpbM0JOst_
Candelario_Hahn, Tressa2@yahoo.com, WXfBgE0q_oJQyLh
Edd29, Herbert_Volkman-Senger@gmail.com, OecVlb6TRtV8poK
Elenora45, Sandra_Collier52@hotmail.com, 2x1cNYEtzX4TkaC
Carmen53, Shane.Strosin@yahoo.com, VLdC50GmdYVQcw8
Constantin81, Teresa21@hotmail.com, bQP68HbBYz1UDEy
Enoch_Runolfsdottir77, Casimer_Waelchi@gmail.com, KLJ26xemhcZmv9t
Otto16, Nico47@gmail.com, 6B1AMTmM9A7pDh3
Marguerite.Gislason, Dagmar_Waters65@yahoo.com, ONW_qN70e_sNuO1
Zita.Kirlin, Jack.Hahn@yahoo.com, EXYZAdkcKFg_BVz
Nick91, Wilton_Schmeler80@hotmail.com, 6mLku4jbfgJvHtY
Mafalda44, Caden34@hotmail.com, 6MCiC47xwkpBOzL
Justus_Kerluke99, Reymundo82@yahoo.com, J7dKvIr8kGuPJgg
Burley.Aufderhar, Bernard_Howell@hotmail.com, xHE8nF5T4SpYQUh
Alayna37, Arianna.Wiza@yahoo.com, QYeIYcBkB3HVsWG
Layne.Balistreri, Taurean90@hotmail.com, HMG6QLsN8AM0989
Kendra70, Tracey.Abshire43@gmail.com, r1bXRmRDMiLFQRF
Emiliano_Stark, Gwendolyn_Gorczany@hotmail.com, NlEpy3huC7Qoqz0
Quincy50, Bertrand89@gmail.com, wxItjwTwoXk8F5O
Ana.Wolff89, Alexandra8@gmail.com, IsQrfCfdWNHbnjk
Alessandra12, Harmony.Gulgowski3@hotmail.com, oNmRKrSau1DygPS
Lavern.Cole, Larissa71@gmail.com, zt9igobNS0R3qBI
Cortez_Parisian65, Joesph_Smitham22@hotmail.com, e5oGAddoozWCSfc
Harrison.Von, David54@gmail.com, UHu7GBGIJlz_ef7
Henri57, Jacquelyn_Pagac@gmail.com, pG1RnptUNJ2P8CY
Isaac_Connelly32, Ayana_Herzog@gmail.com, i5w1GWiY3c6mg4F
Claude_Bartell34, Celestino.Halvorson@gmail.com, QnXIJCinTaYPdOW
Dashawn49, Pauline.Legros@yahoo.com, VpYFB8PGZPBFQny
Arvid.Hyatt, Danial_Breitenberg63@hotmail.com, ZUUFx2VgOK8EfM6
Dominique_Ryan22, Sadye_Baumbach@gmail.com, brwkF87hUC96sJ8
Royal29, Katarina_Effertz59@gmail.com, _OhXAo1pWY8UCFA
Marcia_Wunsch, Ariane.Yost90@yahoo.com, OfKvg7m0aDcHDJZ
Francis8, Geovanni_Boyer4@gmail.com, H1g6M0eUCWlvtSL
Cassidy.Parker13, Idella_Bailey45@yahoo.com, 5Hp_GkPBZj3Kj9V
Eladio_Thiel43, Sheila.Schultz@hotmail.com, 9jBJ9zxrWWEMISS
Hailee_Okuneva2, Trevion_Haley98@hotmail.com, 4svXA832_cfaIXX
Evan_Kling80, Talon19@yahoo.com, Mo98_ksoS5Svasa
Dominic_Bins96, Isaac_Ortiz@gmail.com, aCvrOjbqlXILc19
Lilyan13, Hillard.Tremblay47@gmail.com, GAKKLZYer0vM830
Hulda.Cormier, Chanelle_Considine57@yahoo.com, oV9BF8eMT15Oz6t
Joan_Gislason, Hellen.OConnell@yahoo.com, PJsRBsZdPmI23ZQ
Jerad.Kemmer, Anibal33@yahoo.com, WSZU5secljoQ4Xm
Elissa.Zboncak, Elaina87@yahoo.com, HRnmc9DVNBo8Atr
Cody59, George_Thiel9@hotmail.com, qtRqOrUXhZLqVTG
Marilou_Moore, Cierra.Satterfield46@hotmail.com, gnMTIhic1GiPCoF
Monroe_Weimann2, Clyde.Durgan20@hotmail.com, cKj0hF9O8b5xHDn
Tianna.Fadel8, Nicklaus_Fadel@yahoo.com, lWo5cGBp2u7Ajpx
Richmond_Kuhlman83, Callie_Orn11@gmail.com, tLnuKPNFIy20GAO
Peggie_Casper27, Josie.Zemlak75@gmail.com, Zs_wMeKHp_diNTy
Kaitlin7, Joanny_Sanford90@gmail.com, oqFie1_KPcz3Gfj
Zander80, Lavon70@hotmail.com, wOdeDla93y_Zsln
Lacey.OKeefe99, Diego96@hotmail.com, lc81uRqvjgvmrVG
Diego_Kemmer50, Justyn_Cronin87@hotmail.com, UaLFtLk_1xLe7FH
King.Towne7, Elissa.Cremin-Konopelski73@hotmail.com, J19E2pSAj2JQJ8E
Kylee.Frami, Davonte70@yahoo.com, 7sAG5NjQeHKD1QW
Alexandrea_Kerluke84, Karina.Morissette@yahoo.com, JAh8IN8OLhLHkle
Rosalia.Huels, Ronaldo52@yahoo.com, eE0to2qOaJyOg78
Frieda_Herzog, Ashly.Pfannerstill93@hotmail.com, 3enUyC9NLgf5jSY
Abraham_Lowe67, Johnnie40@yahoo.com, AyeTTi0ZHWyAYHi
Avery.McClure81, Eulah_Lynch63@gmail.com, 5Z_obVPjlFoJGdx
Ulices66, Morris95@hotmail.com, xPRmzGyJwBG755Q
Aleen.Sanford62, Jaden.Robel33@hotmail.com, ejCPPiV7PrE2VmP
Hal.Cummerata59, Gaetano2@gmail.com, ewiFGDVPvTobbIF
Calista_Prosacco3, Kaley.Ullrich9@hotmail.com, mN97BREMiO2kIxo
Tanner.Roob, Davion.Rutherford23@hotmail.com, YpqfWk_9bgqI5pF
Koby33, Noah_Rice@hotmail.com, g1fBxyS8UQTbIHn
Jaylen_Haley79, Hilda_Schamberger78@yahoo.com, add1DbFzTko63Lc
Providenci_Lakin, Bethany33@gmail.com, k5x_5yprjihkByN
Laurel94, Gregoria93@yahoo.com, OBYesYIOsshCd0A
Major.Wisoky97, Skye.Franey40@yahoo.com, cYvj4WFjNGLBJKy
Josiah_Beahan, Jacey50@hotmail.com, nH8mS2oHwI3bFDU
Vinnie_Donnelly98, Angel75@gmail.com, K9ewld_c5kcWDzN
Ray_Leannon18, Austin38@hotmail.com, 6j_yXDejCOO3BHF
Iva_Kuhic, Susana_Paucek@hotmail.com, 2W_3HCKRf00vZsn
Stone74, Keyon_Stoltenberg63@yahoo.com, KvDHxgCh_Y8VZfZ
Evelyn_Lemke, Jazmyne_Beatty85@gmail.com, PEIJhWrsp0qmtEF
Sabryna.Schiller64, Ollie_Nader@hotmail.com, cWbyLvMJR2W2AXN
Chandler_Cronin, Chet10@yahoo.com, EyvEwUYj3Cjx_Jc
Elmo4, Kirsten79@hotmail.com, nt1_dheDaB3YWJX
Sylvia69, Willis.Kerluke25@hotmail.com, 0NDFjSI8nvMNH6D
Clifford.Ernser, Miller15@yahoo.com, E5IB8xU82HlFEGn
Kailyn20, Raphaelle.Mitchell@yahoo.com, dfSMZN_nNpP6LB7
Stanton_Feil, Ettie.McLaughlin21@yahoo.com, ZzqspNErgVivJNx
Aletha.Koelpin6, Elnora72@yahoo.com, mzxAjcdsEqEgMuF
Art.Conn, Noemy17@yahoo.com, cV5ygqS_TF97lq9
Brady35, Jerald23@yahoo.com, TrgC66ysrdx3C1x
Kenyon_Steuber75, Kathleen_Wintheiser@gmail.com, 7xPZN_mScLhuq5k
